countrycode,type,loss,standard_deviation,exposure_value
MG,1_analytic_mean,69609.44483,104739.837801,724644.4375
MG,2_sample_mean,69609.44483,104739.837801,724644.4375
