countrycode,type,loss,standard_deviation,exposure_value
MG,1_analytic_mean,79146.61651,116943.852129,775369.8125
MG,2_sample_mean,79146.61651,116943.852129,775369.8125
