countrycode,type,loss,standard_deviation,exposure_value
TG,1_analytic_mean,14949.064231999999,25737.390058,342258.03125
TG,2_sample_mean,14949.064231999999,25737.390058,342258.03125
