countrycode,type,loss,standard_deviation,exposure_value
TG,1_analytic_mean,2267.601527,4090.190605,54915.15234400001
TG,2_sample_mean,2267.601527,4090.190605,54915.15234400001
