countrycode,type,loss,standard_deviation,exposure_value
MZ,1_analytic_mean,51956.569966,82740.681091,445594.34375
MZ,2_sample_mean,51956.569967,82740.681091,445594.34375
