countrycode,type,loss,standard_deviation,exposure_value
MZ,1_analytic_mean,177528.976969,195745.861755,843841.25
MZ,2_sample_mean,177528.976969,195745.861755,843841.25
