countrycode,type,loss,standard_deviation,exposure_value
MZ,1_analytic_mean,97171.379292,131760.674428,707049.6875
MZ,2_sample_mean,97171.379292,131760.674428,707049.6875
