countrycode,type,loss,standard_deviation,exposure_value
GH,1_analytic_mean,37714.671329000004,56921.966483000004,651554.6875
GH,2_sample_mean,37714.671329000004,56921.966483000004,651554.6875
