countrycode,type,loss,standard_deviation,exposure_value
GH,1_analytic_mean,63456.572899,94947.859742,1242016.375
GH,2_sample_mean,63456.572899,94947.859742,1242016.375
