countrycode,type,loss,standard_deviation,exposure_value
CI,1_analytic_mean,42485.355679,70230.556102,470744.34375
CI,2_sample_mean,42485.355679,70230.556102,470744.34375
